{
  "project_info": {
    "project_number": "808073781528",
    "project_id": "fir-flutter-233d5",
    "storage_bucket": "fir-flutter-233d5.firebasestorage.app"
  },
  "client": [
    {
      "client_info": {
        "mobilesdk_app_id": "1:808073781528:android:820a2fe7ca9a1163c53e6d",
        "android_client_info": {
          "package_name": "com.example.firebase_app_test"
        }
      },
      "oauth_client": [],
      "api_key": [
        {
          "current_key": "AIzaSyBSFCUZwNfYgd9tlTsB-RZEDx5ipgl_TfE"
        }
      ],
      "services": {
        "appinvite_service": {
          "other_platform_oauth_client": []
        }
      }
    }
  ],
  "configuration_version": "1"
}